{
  "best_metric": 6.686284065246582,
  "best_epoch": 1,
  "train_history": [
    {
      "epoch": 1,
      "total": 6.872704982757568,
      "super_simclr": 2.0350629687309265,
      "super_it": 1.5332312285900116,
      "cat_simclr": 1.7294478714466095,
      "cat_it": 1.574962854385376
    }
  ],
  "test_history": [
    {
      "epoch": 1,
      "total": 6.686284065246582,
      "super_simclr": 1.9652366638183594,
      "super_it": 1.4459843635559082,
      "cat_simclr": 1.845374435186386,
      "cat_it": 1.4296887814998627
    }
  ]
}