{
  "checkpoint": "/Users/boud/Downloads/checkpoint_epoch_0009.pt",
  "num_dims": 128,
  "logits": {
    "min": -0.5199097990989685,
    "mean": -0.07538018375635147,
    "median": -0.16388994455337524,
    "max": 0.5376842617988586
  },
  "sigmoid_mask": {
    "min": 0.37287333607673645,
    "mean": 0.48123615980148315,
    "median": 0.4591189920902252,
    "max": 0.6312735676765442,
    "frac_lt_1e-2": 0.0,
    "frac_lt_5e-2": 0.0,
    "frac_lt_1e-1": 0.0,
    "frac_gt_9e-1": 0.0
  }
}